"FACULTYID","NAME","DESIGNATION","EMAIL","DEPARTMENTID"
523,"Praveen Kumar","Assistant Professor","praveenkumaryadav782@gmail.com",157
511,"Ajay Giri","Assistant Professor","ajay_giri05@rediffmail.com",102
504,"Pankaj Kumar","Associate Professor","pankajkumarpk8888@gmail.com",101
505,"Nishikant Kumar","Associate Professor","nishikantbpmce32@gmail.com",101
506,"Rupesh Kumar","Associate Professor","rupesh.kumar@gmail.com",101
507,"Bablu Das","Associate Professor","bkmech78@gmail.com",102
508,"Firoz Akhtar","Associate Professor"," firozakhtar1581@gmail.com",102
509,"Rahul Ranjan Bharti","Associate Professor","15rahulbharti@gmail.com",102
510,"Uttam Kumar","Associate Professor","uttamiitp1@gmail.com",102
518,"E. Haque","Associate Professor","ehtasham47@gmail.com",105
519,"Md. Izhar","Associate Professor","mdizhar1996@gmail.com",105
520,"Prity Kumari Choudhary","Associate Professor","prity.choudhary@gmail.com",105
521,"Sujeet Kumar","Associate Professor","ksujeet.cs@gmail.com",105
522,"Murlidhar Prasad Singh","Associate Professor","singhmurlidhar@gmail.com",105
503,"Raushan Anand","Associate Professor","raushanbpmc@gmail.com",101
501,"Kunal Kumar","Associate Professor","kunal1989kumar@gmail.com",101
502,"Akhilesh Kumar","Associate Professor","akhileshkumar3804@gmail.com",101
525,"N. Kumar","Associate Professor","n.kumar@gmail.com",119
513,"Bhavesh Nandan","Associate Professor","bhavesh.nandan@gmail.com",110
514,"Abhimanyu Mandal","Associate Professor","mandal.abhimanyu225@gmail.com",110
515,"Nitish Kumar","Associate Professor","nitianj@gmail.com",110
517,"Mitesh Kumar","Associate Professor","mitesh.sva@gmail.com",110
526,"Manisha Kumari Singh","Associate Professor","manisha.ks241@gmail.com",118
527,"Abhishek Kumar","Associate Professor","abhishek.kumar@gmail.com",118
516,"Ashish Kumar Suman","Professor","sumanashish.rkt@gmail.com",110
512,"Hare Krishna Mishra","Professor","hare.dbit@gmail.com",110
